{"cameraMode":{"drawMode":0,"name":"Shaded","section":"Shading Mode"},"sceneLighting":true,"audioPlay":false,"sceneViewState":{"showFog":true,"showMaterialUpdate":false,"showSkybox":true,"showFlares":true,"showImageEffects":true,"showParticleSystems":true},"in2DMode":false,"pivot":{"x":8.974949836730957,"y":1.3614583015441895,"z":2.014352798461914},"rotation":{"x":-0.11393382400274277,"y":-0.05121999606490135,"z":0.00569645082578063,"w":-0.9923090934753418},"size":1.8555488586425782,"orthographic":false}