{"cameraMode":{"drawMode":0,"name":"Shaded","section":"Shading Mode"},"sceneLighting":true,"audioPlay":false,"sceneViewState":{"showFog":true,"showMaterialUpdate":false,"showSkybox":true,"showFlares":true,"showImageEffects":true,"showParticleSystems":true},"in2DMode":false,"pivot":{"x":1.1454671621322632,"y":-31.585033416748048,"z":50.345645904541019},"rotation":{"x":-0.27995842695236208,"y":0.020713718608021737,"z":-0.006107787601649761,"w":-0.9598132371902466},"size":30.440765380859376,"orthographic":false}