{"cameraMode":{"drawMode":0,"name":"Shaded","section":"Shading Mode"},"sceneLighting":true,"audioPlay":false,"sceneViewState":{"showFog":true,"showMaterialUpdate":false,"showSkybox":true,"showFlares":true,"showImageEffects":true,"showParticleSystems":true},"in2DMode":false,"pivot":{"x":8.50240707397461,"y":1.8091288805007935,"z":-1.7226264476776124},"rotation":{"x":-0.33703985810279848,"y":-0.02178691327571869,"z":0.007531246170401573,"w":-0.9413673281669617},"size":0.25980737805366518,"orthographic":false}