{"cameraMode":{"drawMode":0,"name":"Shaded","section":"Shading Mode"},"sceneLighting":true,"audioPlay":false,"sceneViewState":{"showFog":true,"showMaterialUpdate":false,"showSkybox":true,"showFlares":true,"showImageEffects":true,"showParticleSystems":true},"in2DMode":false,"pivot":{"x":8.775060653686524,"y":1.5338194370269776,"z":-3.267486095428467},"rotation":{"x":0.03774048388004303,"y":0.059919651597738269,"z":-0.0021489018108695747,"w":0.9975715279579163},"size":0.34019264578819277,"orthographic":false}