{"cameraMode":{"drawMode":0,"name":"Shaded","section":"Shading Mode"},"sceneLighting":false,"audioPlay":false,"sceneViewState":{"showFog":true,"showMaterialUpdate":false,"showSkybox":false,"showFlares":true,"showImageEffects":true,"showParticleSystems":true},"in2DMode":false,"pivot":{"x":0.011788359843194485,"y":0.023409254848957063,"z":-0.012856505811214447},"rotation":{"x":-0.29867658019065859,"y":0.15991294384002686,"z":-0.05083877593278885,"w":-0.9394891858100891},"size":0.028828632086515428,"orthographic":false}